Rk,Player,From,To,Yrs,GP,G,A,PTS,+/-,PIM,EV,PP,SH,GW,EV,PP,SH,S,S%,TOI,ATOI
1,Keith Acton,1994,1994,1,6,0,0,0,-4,21,0,0,0,0,0,0,0,2,0,,
2,Greg Adams,1984,1988,5,330,55,98,153,37,694,47,8,0,3,77,21,0,450,12.2,,
3,Jason Allison,1994,1997,4,86,7,22,29,-8,33,4,3,0,1,15,7,0,103,6.8,,
4,Karl Alzner,2009,2017,9,591,19,98,117,61,177,19,0,0,2,94,2,2,529,3.6,11939,20:12
5,Murray Anderson,1975,1975,1,40,0,1,1,-40,68,0,0,0,0,1,0,0,23,0,,
6,Ron Anderson,1975,1975,1,28,9,7,16,-20,8,5,4,0,0,7,0,0,43,20.9,,
7,Shawn Anderson,1993,1994,2,110,2,15,17,-3,30,1,1,0,0,12,3,0,73,2.7,,
8,Peter Andersson,1984,1986,3,160,9,33,42,9,77,4,5,0,3,19,14,0,194,4.6,,
9,Mel Angelstad,2004,2004,1,2,0,0,0,0,2,0,0,0,0,0,0,0,1,0,26,13:00
10,Chuck Arnason,1979,1979,1,13,0,2,2,-1,4,0,0,0,0,1,1,0,17,0,,
11,Jason Arnott,2011,2011,1,11,4,3,7,3,8,2,2,0,1,2,1,0,30,13.3,175,15:53
12,Steve Atkinson,1975,1975,1,46,11,4,15,-25,8,6,3,2,0,2,2,0,92,12,,
13,Keith Aucoin,2009,2012,4,49,6,16,22,7,4,5,1,0,1,14,2,0,40,15,513,10:29
14,Patrik Augusta,1999,1999,1,2,0,0,0,0,0,0,0,0,0,0,0,0,4,0,27,13:38
15,Bobby Babcock,1991,1993,2,2,0,0,0,0,2,0,0,0,0,0,0,0,0,,,
16,Nicklas Backstrom,2008,2021,14,971,251,696,947,118,466,172,77,2,38,392,304,0,2066,12.1,19098,19:40
17,Ace Bailey,1975,1978,4,207,43,71,114,-104,162,38,5,0,6,47,21,3,388,11.1,,
18,Riley Barber,2017,2017,1,3,0,0,0,0,0,0,0,0,0,0,0,0,2,0,26,8:35
19,John Barrett,1986,1987,2,69,2,5,7,-14,55,2,0,0,0,5,0,0,44,4.5,,
20,Bates Battaglia,2004,2004,1,66,4,6,10,-23,38,4,0,0,1,5,1,0,69,5.8,899,13:37
21,Nolan Baumgartner,1996,2000,4,18,0,2,2,-3,2,0,0,0,0,0,2,0,11,0,128,9:49
22,Robin Bawa,1990,1990,1,5,1,0,1,-3,6,1,0,0,0,0,0,0,1,100,,
23,Jay Beagle,2009,2018,10,471,51,65,116,11,159,49,0,2,12,62,0,3,530,9.6,5858,12:26
24,Yves Beaudoin,1986,1988,3,11,0,0,0,-9,5,0,0,0,0,0,0,0,11,0,,
25,Kris Beech,2001,2007,3,73,8,18,26,-13,52,5,3,0,0,10,8,0,83,9.6,875,11:59
26,Eric Belanger,2010,2010,1,17,2,4,6,3,4,2,0,0,0,4,0,0,31,6.5,249,14:40
27,Brian Bellows,1998,1999,2,87,23,22,45,-15,32,10,13,0,5,19,3,0,192,12,1158,15:14
28,Jan Benda,1998,1998,1,9,0,3,3,1,6,0,0,0,0,3,0,0,8,0,,
29,Harvey Bennett,1976,1977,2,67,14,16,30,-34,73,13,1,0,1,16,0,0,94,14.9,,
30,Sergei Berezin,2003,2003,1,9,5,4,9,10,4,5,0,0,2,4,0,0,28,17.9,141,15:41
31,Michel Bergeron,1979,1979,1,30,7,6,13,-18,7,6,1,0,1,6,0,0,53,13.2,,
32,Tim Bergland,1990,1994,4,104,8,18,26,-3,58,8,0,0,0,17,0,1,83,9.6,,
33,Rick Berry,2003,2004,2,108,2,7,9,-8,195,2,0,0,1,7,0,0,83,2.4,1349,12:29
34,Craig Berube,1994,2001,7,419,26,38,64,-32,1220,25,1,0,2,37,1,0,274,9.5,570,6:29
35,Todd Bidner,1982,1982,1,12,2,1,3,1,7,2,0,0,1,1,0,0,5,40,,
36,Mathieu Biron,2006,2006,1,52,4,9,13,-11,50,1,3,0,0,3,6,0,61,6.6,636,12:14
37,James Black,1999,2001,3,166,25,28,53,1,24,22,2,1,4,22,4,2,240,10.4,2102,12:40
38,Timo Blomqvist,1982,1985,4,223,4,51,55,27,264,3,1,0,1,39,12,0,252,1.6,,
39,Mike Bloom,1975,1975,1,67,7,19,26,-54,84,7,0,0,0,15,4,0,88,8,,
40,John Blum,1987,1987,1,66,2,8,10,1,133,2,0,0,0,8,0,0,33,6.1,,
41,Patrick Boileau,1997,2002,3,7,0,1,1,-5,4,0,0,0,0,0,1,0,7,0,87,14:35
42,Larry Bolonchuk,1976,1978,3,59,3,9,12,-32,91,3,0,0,0,9,0,0,48,6.3,,
43,Peter Bondra,1991,2004,14,961,472,353,825,74,679,303,137,32,73,229,120,4,3290,14.3,8348,20:01
44,Pierre Bouchard,1979,1982,4,106,8,16,24,-28,54,8,0,0,0,16,0,0,96,8.3,,
45,Josef Boumedienne,2003,2004,2,43,3,12,15,-11,30,1,2,0,1,3,9,0,51,5.9,970,22:33
46,Chris Bourque,2008,2010,3,13,1,0,1,-2,2,1,0,0,0,0,0,0,16,6.3,123,9:26
47,Madison Bowey,2018,2019,2,84,1,17,18,0,62,1,0,0,1,17,0,0,81,1.2,1153,13:44
48,Travis Boyd,2018,2020,3,85,8,23,31,17,10,8,0,0,1,20,3,0,63,12.7,874,10:17
49,Matt Bradley,2006,2011,6,427,37,59,96,-10,367,34,1,2,9,57,0,2,529,7,4729,11:05
50,Rick Bragnalo,1976,1979,4,145,15,35,50,-26,46,12,1,2,1,27,8,0,179,8.4,,
51,Donald Brashear,2007,2009,3,220,10,15,25,-12,396,10,0,0,1,14,1,0,149,6.7,1762,8:01
52,Gord Brooks,1975,1975,1,38,1,10,11,-19,25,0,1,0,0,7,3,0,80,1.3,,
53,Willie Brossart,1975,1976,2,61,1,8,9,-62,54,1,0,0,0,8,0,0,48,2.1,,
54,Julien Brouillette,2014,2014,1,10,1,1,2,3,0,1,0,0,1,1,0,0,4,25,156,15:33
55,Troy Brouwer,2012,2015,4,293,83,69,152,-15,234,50,30,3,16,42,26,1,550,15.1,5262,17:58
56,Chris Brown,2014,2016,3,12,2,1,3,1,2,2,0,0,0,1,0,0,9,22.2,98,8:11
57,Jeff Brown,1998,1998,1,9,0,6,6,4,6,0,0,0,0,2,4,0,15,0,,
58,Andrew Brunette,1996,1998,3,62,18,22,40,4,24,12,6,0,3,15,7,0,81,22.2,,
59,Jan Bulis,1998,2001,4,181,26,62,88,5,80,22,4,0,4,48,14,0,227,11.5,1792,13:29
60,Ted Bulley,1983,1983,1,39,4,9,13,-2,47,4,0,0,1,9,0,0,35,11.4,,
61,Andre Burakovsky,2015,2019,5,328,62,83,145,34,77,55,7,0,13,73,10,0,486,12.8,4183,12:45
62,Randy Burridge,1992,1995,4,150,48,61,109,-4,125,30,17,1,8,31,28,2,290,16.6,,
63,Nelson Burton,1978,1979,2,8,1,0,1,-5,21,1,0,0,0,0,0,0,3,33.3,,
64,Eric Calder,1982,1983,2,2,0,0,0,0,0,0,0,0,0,0,0,0,0,,,
65,Tony Camazzola,1982,1982,1,3,0,0,0,0,4,0,0,0,0,0,0,0,0,,,
66,Paul Carey,2016,2017,2,10,1,0,1,-2,0,1,0,0,0,0,0,0,13,7.7,103,10:17
67,John Carlson,2010,2021,12,772,109,381,490,84,260,78,30,1,25,225,152,4,1770,6.2,18062,23:24
68,Kent Carlson,1989,1989,1,2,1,0,1,2,0,1,0,0,0,0,0,0,1,100,,
69,Bob Carpenter,1982,1993,7,490,188,207,395,-40,462,133,54,1,22,144,62,1,1340,14,,
70,Daniel Carr,2021,2021,1,3,0,1,1,-2,0,0,0,0,0,1,0,0,3,0,31,10:15
71,Connor Carrick,2014,2016,2,37,1,5,6,-11,23,1,0,0,0,5,0,0,28,3.6,573,15:30
72,Greg Carroll,1979,1979,1,24,5,6,11,-2,12,5,0,0,0,6,0,0,29,17.2,,
73,Anson Carter,1997,2004,2,38,8,7,15,2,13,5,3,0,3,5,2,0,61,13.1,372,19:33
74,Andrew Cassels,2006,2006,1,31,4,8,12,-3,14,2,2,0,0,4,4,0,29,13.8,410,13:13
75,Tony Cassolato,1980,1982,3,23,1,6,7,3,4,1,0,0,0,5,1,0,22,4.5,,
76,Paul Cavallini,1987,1993,3,101,7,13,20,-1,120,7,0,0,1,13,0,0,101,6.9,,
77,Shawn Chambers,1992,1992,1,2,0,0,0,-3,2,0,0,0,0,0,0,0,1,0,,
78,Zdeno Chara,2021,2021,1,15,2,3,5,6,10,2,0,0,0,3,0,0,24,8.3,297,19:49
79,Eric Charron,1996,1997,2,29,1,2,3,4,24,1,0,0,0,2,0,0,13,7.7,,
80,Guy Charron,1977,1981,5,320,118,156,274,-75,54,90,26,2,12,103,51,2,888,13.3,,
81,Denis Chasse,1996,1996,1,3,0,0,0,-1,5,0,0,0,0,0,0,0,3,0,,
82,Alex Chiasson,2018,2018,1,61,9,9,18,1,26,7,1,1,2,7,0,2,59,15.3,718,11:46
83,Jason Chimera,2010,2016,7,490,82,115,197,-2,350,70,8,4,11,104,10,1,955,8.6,6757,13:47
84,Taylor Chorney,2016,2018,3,97,3,12,15,24,40,3,0,0,1,11,0,1,61,4.9,1294,13:20
85,Tom Chorske,1999,1999,1,17,0,2,2,-4,4,0,0,0,0,2,0,0,22,0,194,11:26
86,Dave Christian,1984,1990,7,504,193,224,417,21,107,123,67,3,21,144,74,6,1102,17.5,,
87,Brad Church,1998,1998,1,2,0,0,0,0,0,0,0,0,0,0,0,0,4,0,,
88,Dino Ciccarelli*,1989,1992,4,223,112,97,209,-22,278,84,28,0,18,71,26,0,771,14.5,,
89,Enrico Ciccone,1994,1999,2,89,3,1,4,-8,277,3,0,0,0,1,0,0,66,4.5,494,11:29
90,Ivan Ciernik,2002,2004,3,60,9,12,21,7,26,9,0,0,2,12,0,0,74,12.2,677,11:17
91,Chris Clark,2006,2010,5,240,60,63,123,-8,278,42,11,7,4,47,15,1,432,13.9,3682,15:21
92,Bill Clement,1976,1976,1,46,10,17,27,-30,20,8,2,0,0,12,5,0,95,10.5,,
93,Steve Clippingdale,1980,1980,1,3,0,0,0,0,0,0,0,0,0,0,0,0,1,0,,
94,Ben Clymer,2006,2007,2,143,23,30,53,-24,116,20,3,0,3,17,13,0,227,10.1,2011,14:04
95,Bill Collins,1977,1978,2,128,21,23,44,-39,44,18,0,3,2,22,0,1,191,11,,
96,Sean Collins,2009,2012,3,21,2,1,3,2,12,2,0,0,1,1,0,0,21,9.5,299,14:14
97,Sean Collins,2016,2016,1,2,0,0,0,-1,2,0,0,0,0,0,0,0,0,,17,8:32
98,Chris Conner,2015,2015,1,2,0,0,0,1,4,0,0,0,0,0,0,0,3,0,18,8:49
99,Brett Connolly,2017,2019,3,217,52,44,96,27,94,46,6,0,10,42,2,0,287,18.1,2625,12:06
100,Matt Cooke,2008,2008,1,17,3,4,7,5,27,2,0,1,0,3,1,0,18,16.7,209,12:19
101,Chris Corrinet,2002,2002,1,8,0,1,1,-4,6,0,0,0,0,1,0,0,8,0,81,10:04
102,Yvon Corriveau,1986,1990,5,146,23,18,41,11,220,22,1,0,2,18,0,0,177,13,,
103,Joe Corvo,2010,2010,1,18,2,4,6,-4,2,1,1,0,0,2,2,0,23,8.7,354,19:41
104,Alain Cote,1990,1990,1,2,0,0,0,-2,7,0,0,0,0,0,0,0,2,0,,
105,Sylvain Cote,1992,2003,10,622,75,195,270,60,336,45,25,5,14,119,68,8,1306,5.7,2595,18:40
106,Tim Coulis,1980,1980,1,19,1,2,3,-6,27,1,0,0,0,2,0,0,13,7.7,,
107,Geoff Courtnall,1989,1990,2,159,77,77,154,38,214,52,25,0,8,52,25,0,546,14.1,,
108,Bruce Cowick,1975,1975,1,65,5,6,11,-43,41,5,0,0,0,5,1,0,73,6.8,,
109,Joey Crabb,2013,2013,1,26,2,0,2,-1,8,2,0,0,0,0,0,0,20,10,245,9:25
110,Bob Crawford,1987,1987,1,12,0,0,0,0,0,0,0,0,0,0,0,0,13,0,,
111,Shawn Cronin,1989,1989,1,1,0,0,0,0,0,0,0,0,0,0,0,0,0,,,
112,Brian Curran,1994,1994,1,26,1,0,1,-2,61,1,0,0,0,0,0,0,11,9.1,,
113,Glen Currie,1980,1985,6,307,38,77,115,19,91,32,2,4,4,70,4,3,274,13.9,,
114,Jakub Cutta,2001,2004,3,8,0,0,0,-5,0,0,0,0,0,0,0,0,4,0,108,13:33
115,Ulf Dahlen,2000,2002,3,217,53,85,138,17,22,35,18,0,10,66,19,0,392,13.5,3144,14:29
116,Nicolas Deschamps,2014,2014,1,3,0,0,0,-1,0,0,0,0,0,0,0,0,2,0,20,6:49
117,Brenden Dillon,2020,2021,2,25,1,4,5,1,37,1,0,0,0,4,0,0,22,4.5,489,19:35
118,Christian Djoos,2018,2020,3,110,4,20,24,23,14,4,0,0,0,20,0,0,94,4.3,1513,13:45
119,Jason Doig,2003,2004,2,120,5,14,19,-15,213,5,0,0,1,14,0,0,100,5,2025,16:52
120,Doug Doull,2006,2006,1,2,0,0,0,-1,19,0,0,0,0,0,0,0,0,,8,3:57
121,Nic Dowd,2019,2021,3,135,17,24,41,22,64,14,0,3,4,23,0,1,113,15,1485,11:00
122,John Druce,1989,1992,4,240,57,64,121,22,199,47,9,1,9,51,12,1,463,12.3,,
123,Gaetan Duchesne,1982,1987,6,451,87,138,225,69,251,78,3,6,15,132,0,6,631,13.8,,
124,Denis Dupéré,1975,1975,1,53,20,15,35,-43,8,12,8,0,0,9,6,0,133,15,,
125,Mike Eagles,1995,2000,6,266,13,22,35,-17,206,13,0,0,1,17,1,4,202,6.4,688,8:56
126,Cody Eakin,2012,2012,1,30,4,4,8,2,4,4,0,0,0,4,0,0,31,12.9,278,9:17
127,Rolf Edberg,1979,1981,3,184,45,58,103,10,24,39,5,1,9,50,8,0,317,14.2,,
128,Jack Egers,1975,1976,2,26,6,5,11,-17,16,3,3,0,1,1,4,0,39,15.4,,
129,Lars Eller,2017,2021,5,323,61,83,144,8,163,53,5,3,6,67,13,3,612,10,5061,15:40
130,Miika Elomo,2000,2000,1,2,0,1,1,1,2,0,0,0,0,1,0,0,3,0,22,11:12
131,Pat Elynuik,1993,1994,2,84,23,36,59,0,66,14,9,0,1,25,10,1,129,17.8,,
132,Steve Eminger,2003,2008,5,212,6,37,43,-44,221,5,1,0,0,31,2,4,109,5.5,3810,17:58
133,Brian Engblom,1983,1984,2,79,5,23,28,-10,67,1,4,0,0,17,6,0,118,4.2,,
134,Martin Erat,2013,2014,2,62,2,25,27,1,26,2,0,0,1,21,4,0,55,3.6,906,14:37
135,Bryan Erickson,1984,1985,2,102,27,30,57,21,39,22,5,0,3,26,4,0,145,18.6,,
136,John Erskine,2007,2014,8,350,12,37,49,14,529,12,0,0,2,32,1,4,310,3.9,5549,15:51
137,Daryl Evans,1986,1986,1,6,0,1,1,-1,0,0,0,0,0,0,1,0,14,0,,
138,Dean Evason,1984,1985,2,17,3,4,7,9,4,3,0,0,1,4,0,0,18,16.7,,
139,Brian Fahey,2011,2011,1,7,0,1,1,-1,2,0,0,0,0,1,0,0,4,0,83,11:49
140,Mike Farrell,2002,2003,2,12,0,0,0,0,2,0,0,0,0,0,0,0,3,0,56,4:40
141,Rico Fata,2006,2007,2,31,4,4,8,6,10,3,1,0,0,4,0,0,46,8.7,276,8:54
142,Sergei Fedorov*,2008,2009,2,70,13,33,46,2,58,10,3,0,3,14,17,2,152,8.6,1187,16:58
143,Martin Fehervary,2020,2020,1,6,0,1,1,-2,6,0,0,0,0,1,0,0,7,0,96,15:59
144,Eric Fehr,2006,2015,9,419,87,87,174,55,140,75,10,2,15,72,14,1,825,10.5,5371,12:49
145,Chris Felix,1989,1991,3,35,1,12,13,1,10,0,1,0,0,4,8,0,28,3.6,,
146,Mark Ferner,1990,1991,2,9,0,1,1,-3,4,0,0,0,0,1,0,0,5,0,,
147,Chris Ferraro,2002,2002,1,1,0,1,1,0,0,0,0,0,0,0,1,0,4,0,15,15:17
148,Peter Ferraro,2002,2002,1,4,0,1,1,-1,0,0,0,0,0,0,1,0,3,0,52,12:54
149,Tomas Fleischmann,2006,2011,6,283,60,78,138,-11,84,44,16,0,11,51,27,0,466,12.9,3916,13:50
150,Colin Forbes,2002,2006,4,54,5,3,8,-6,17,4,0,1,1,3,0,0,64,7.8,559,10:21
151,Dave Forbes,1978,1979,2,79,11,12,23,-34,121,11,0,0,0,12,0,0,144,7.6,,
152,Alex Forsyth,1977,1977,1,1,0,0,0,0,0,0,0,0,0,0,0,0,0,,,
153,Jean-Francois Fortin,2002,2004,3,71,1,4,5,-4,42,1,0,0,0,4,0,0,44,2.3,1218,17:09
154,Lou Franceschetti,1982,1989,7,327,36,58,94,-18,562,35,1,0,6,56,2,0,288,12.5,,
155,Jeff Friesen,2006,2006,1,33,3,4,7,-11,24,3,0,0,0,2,2,0,64,4.7,487,14:45
156,Larry Fullan,1975,1975,1,4,1,0,1,-2,0,0,1,0,0,0,0,0,5,20,,
157,Owen Fussey,2004,2004,1,4,0,1,1,-1,0,0,0,0,0,1,0,0,6,0,33,8:16
158,Stanislav Galiev,2015,2016,2,26,1,3,4,3,4,1,0,0,0,3,0,0,32,3.1,238,9:08
159,Garry Galley,1987,1988,2,76,8,33,41,14,54,4,4,0,0,10,23,0,129,6.2,,
160,Paul Gardner,1985,1985,1,12,2,4,6,-2,6,0,2,0,0,2,2,0,17,11.8,,
161,Mike Gartner*,1980,1989,10,758,397,392,789,61,770,287,98,12,54,265,124,3,2841,14,,
162,Martin Gendron,1995,1996,2,28,4,2,6,-2,10,4,0,0,0,1,1,0,33,12.1,,
163,Shane Gersich,2018,2018,1,3,0,1,1,-1,0,0,0,0,0,1,0,0,4,0,27,9:01
164,Doug Gibson,1978,1978,1,11,2,1,3,-3,0,2,0,0,0,1,0,0,10,20,,
165,Stan Gilbertson,1975,1976,2,56,24,21,45,-63,18,17,7,0,1,12,9,0,127,18.9,,
166,Bob Girard,1978,1980,3,132,18,29,47,-20,42,17,1,0,2,28,0,1,103,17.5,,
167,Alexandre Giroux,2007,2010,3,30,4,5,9,3,16,4,0,0,1,4,1,0,48,8.3,312,10:24
168,Tim Gleason,2015,2015,1,17,0,2,2,5,11,0,0,0,0,2,0,0,10,0,260,15:17
169,Curtis Glencross,2015,2015,1,18,4,3,7,-1,6,2,2,0,0,2,1,0,21,19,227,12:36
170,Eddy Godin,1978,1979,2,27,3,6,9,-16,12,3,0,0,0,5,1,0,33,9.1,,
171,Sergei Gonchar,1995,2004,10,654,144,272,416,51,517,90,53,1,19,137,132,3,1609,8.9,10119,24:19:00
172,Andrew Gordon,2009,2011,3,12,1,1,2,-4,0,1,0,0,0,1,0,0,6,16.7,99,8:13
173,Boyd Gordon,2004,2011,7,363,27,58,85,-3,82,22,0,5,3,54,0,4,444,6.1,5015,13:49
174,Bobby Gould,1982,1989,8,600,134,142,276,46,476,122,6,6,23,134,2,6,1003,13.4,,
175,Mikhail Grabovski,2014,2014,1,58,13,22,35,6,26,10,3,0,1,17,5,0,81,16,914,15:45
176,Jean-Luc Grand-Pierre,2004,2004,1,13,1,0,1,-2,14,1,0,0,0,0,0,0,19,5.3,150,11:34
177,Tyler Graovac,2018,2018,1,5,0,0,0,-3,2,0,0,0,0,0,0,0,1,0,34,6:44
178,Benoit Gratton,1998,1999,2,22,4,4,8,0,22,4,0,0,0,3,1,0,29,13.8,215,13:28
179,Josh Green,2003,2003,1,21,1,2,3,1,7,1,0,0,0,2,0,0,20,5,170,8:07
180,Mike Green,2006,2015,10,575,113,247,360,58,416,60,52,1,20,134,111,2,1369,8.3,12758,22:11
181,Rick Green,1977,1982,6,377,31,127,158,-137,381,20,10,1,3,75,49,3,614,5,,
182,Jeff Greenlaw,1987,1993,4,53,3,5,8,-1,106,3,0,0,1,5,0,0,38,7.9,,
183,Mike Grier,2003,2004,2,150,23,29,52,-33,68,17,3,3,2,21,8,0,248,9.3,2644,17:38
184,John Gruden,2004,2004,1,11,1,0,1,-1,6,1,0,0,1,0,0,0,7,14.3,146,13:18
185,Bob Gryp,1975,1976,2,73,11,13,24,-42,33,11,0,0,0,8,5,0,97,11.3,,
186,Radko Gudas,2020,2020,1,63,2,13,15,15,40,2,0,0,1,13,0,0,90,2.2,1054,16:44
187,Bengt-Ake Gustafsson,1980,1989,9,629,195,359,554,45,196,129,49,17,33,212,143,4,1237,15.8,,
188,Carl Hagelin,2019,2021,3,93,12,26,38,18,28,11,0,1,3,24,0,2,164,7.3,1358,14:36
189,Chris Hajt,2004,2004,1,5,0,0,0,0,2,0,0,0,0,0,0,0,1,0,54,10:44
190,Jeff Halpern,2000,2012,7,507,91,139,230,1,375,64,20,7,16,96,40,3,746,12.2,8276,16:19
191,Trevor Halverson,1999,1999,1,17,0,4,4,-5,28,0,0,0,0,4,0,0,16,0,203,11:57
192,Roman Hamrlik,2012,2013,2,72,2,12,14,10,36,2,0,0,1,12,0,0,60,3.3,1369,19:01
193,Al Hangsleben,1980,1982,3,130,16,27,43,-7,262,14,2,0,1,22,5,0,190,8.4,,
194,Scott Hannan,2011,2011,1,55,1,4,5,3,28,1,0,0,0,4,0,0,35,2.9,1115,20:16
195,David Harlock,1998,1998,1,6,0,0,0,2,4,0,0,0,0,0,0,0,2,0,,
196,Kevin Hatcher,1985,1994,10,685,149,277,426,-9,999,94,50,5,24,139,125,13,1863,8,,
197,Garnet Hathaway,2020,2021,2,81,11,10,21,8,89,11,0,0,1,9,0,1,95,11.6,900,11:06
198,Alan Haworth,1983,1987,5,346,129,139,268,68,249,97,32,0,16,106,33,0,800,16.1,,
199,Dwayne Hay,1998,1998,1,2,0,0,0,0,2,0,0,0,0,0,0,0,1,0,,
200,Timo Helbling,2007,2007,1,2,0,0,0,-1,2,0,0,0,0,0,0,0,0,,24,12:00
201,Bryan Helmer,2009,2009,1,12,0,3,3,-1,2,0,0,0,0,2,1,0,8,0,199,16:36
202,Archie Henderson,1981,1981,1,7,1,0,1,-1,28,1,0,0,0,0,0,0,4,25,,
203,Matt Hendricks,2011,2013,3,203,18,24,42,-14,278,17,1,0,4,22,1,1,264,6.8,2391,11:47
204,Alex Henry,2003,2003,1,38,0,0,0,-4,80,0,0,0,0,0,0,0,8,0,138,3:39
205,Matt Herr,1999,2001,2,52,4,5,9,-4,25,3,1,0,1,4,1,0,60,6.7,512,9:50
206,Jamie Heward,2006,2007,2,123,11,33,44,-1,81,5,6,0,3,14,16,3,190,5.8,2403,19:32
207,Dennis Hextall,1979,1980,2,41,3,10,13,-19,92,3,0,0,0,10,0,0,39,7.7,,
208,Doug Hicks,1982,1983,2,18,0,1,1,-10,18,0,0,0,0,1,0,0,12,0,,
209,Andre Hidi,1984,1985,2,7,2,1,3,2,9,1,1,0,0,0,1,0,8,25,,
210,Jack Hillen,2013,2015,3,71,3,12,15,6,28,3,0,0,1,12,0,0,60,5,1076,15:09
211,Benoit Hogue,2002,2002,1,9,0,1,1,2,4,0,0,0,0,1,0,0,5,0,80,8:52
212,Randy Holt,1982,1983,2,123,2,14,16,-11,525,2,0,0,0,13,0,1,62,3.2,,
213,Bill Houlder,1988,1990,3,79,2,16,18,13,42,2,0,0,0,12,4,0,74,2.7,,
214,Phil Housley*,1997,1998,2,141,17,54,71,-20,48,8,7,2,2,22,32,0,283,6,,
215,Ken Houston,1983,1984,2,75,25,14,39,-9,97,16,9,0,0,8,6,0,142,17.6,,
216,Jim Hrycuik,1975,1975,1,21,5,5,10,-12,12,4,1,0,0,2,2,1,29,17.2,,
217,Jamie Hunt,2007,2007,1,1,0,0,0,-1,0,0,0,0,0,0,0,0,0,,6,6:01
218,Dale Hunter,1988,1999,12,872,181,375,556,-11,2003,108,72,1,29,251,119,5,1195,15.1,435,8:42
219,Mark Hunter,1993,1993,1,7,0,0,0,1,14,0,0,0,0,0,0,0,5,0,,
220,Jamie Huscroft,2000,2000,1,7,0,0,0,-5,11,0,0,0,0,0,0,0,4,0,74,10:37
221,Al Iafrate,1991,1994,4,256,58,118,176,25,616,35,21,2,9,67,49,2,747,7.8,,
222,Jaromir Jagr,2002,2004,3,190,83,118,201,1,94,52,29,2,13,74,44,0,646,12.8,4066,21:24
223,Doug Jarvis,1983,1986,4,265,31,81,112,9,70,26,1,4,1,69,8,4,340,9.1,,
224,Wes Jarvis,1980,1982,3,144,21,41,62,-7,56,20,0,1,0,37,2,2,125,16.8,,
225,Dmitrij Jaskin,2019,2019,1,37,2,6,8,-5,6,2,0,0,0,6,0,0,48,4.2,373,10:05
226,David Jensen,1986,1988,3,56,9,9,18,-9,16,7,2,0,0,7,2,0,54,16.7,,
227,Nick Jensen,2019,2021,3,100,0,16,16,7,19,0,0,0,0,15,1,0,103,0,1762,17:37
228,Jakub Jerabek,2018,2018,1,11,1,3,4,-1,0,1,0,0,0,3,0,0,11,9.1,154,13:59
229,Calle Johansson,1989,2003,15,983,113,361,474,47,449,58,51,4,16,176,176,9,1768,6.4,7388,23:14
230,Jonas Johansson,2006,2006,1,1,0,0,0,0,2,0,0,0,0,0,0,0,0,,4,4:14
231,Marcus Johansson,2011,2017,7,501,102,188,290,22,62,75,26,1,20,129,58,1,738,13.8,8303,16:34
232,Craig Johnson,2004,2004,1,15,0,6,6,-6,8,0,0,0,0,6,0,0,20,0,253,16:53
233,Jim Johnson,1994,1996,3,121,2,17,19,2,89,2,0,0,0,15,2,0,100,2,,
234,Jay Johnston,1981,1982,2,8,0,0,0,-2,13,0,0,0,0,0,0,0,3,0,,
235,Greg Joly,1975,1976,2,98,9,24,33,-116,72,4,4,1,1,14,10,0,154,5.8,,
236,Keith Jones,1993,1997,5,258,62,65,127,26,454,50,12,0,10,47,18,0,422,14.7,,
237,Ron Jones,1975,1976,2,21,1,1,2,-14,16,0,1,0,0,1,0,0,13,7.7,,
238,Bob Joyce,1990,1991,2,41,8,11,19,5,12,7,1,0,2,9,2,0,60,13.3,,
239,Joe Juneau,1994,1999,6,312,62,172,234,-26,98,30,27,5,9,96,75,1,621,10,1226,19:28
240,Milan Jurcina,2007,2010,4,211,6,30,36,10,136,5,1,0,1,28,2,0,227,2.6,3689,17:29
241,Kevin Kaminski,1994,1997,4,132,3,10,13,-5,483,3,0,0,1,9,1,0,50,6,,
242,Boyd Kane,2006,2010,2,8,0,1,1,0,4,0,0,0,0,1,0,0,3,0,45,5:38
243,Ed Kastelic,1986,1988,3,73,2,1,3,-5,234,1,1,0,0,1,0,0,37,5.4,,
244,Mike Kaszycki,1980,1980,1,28,7,10,17,-5,10,6,1,0,0,7,3,0,34,20.6,,
245,Bob Kelly,1981,1982,2,96,26,40,66,-25,169,18,8,0,4,31,9,0,149,17.4,,
246,Michal Kempny,2018,2020,3,151,11,35,46,44,96,11,0,0,3,35,0,0,216,5.1,2811,18:37
247,Dmitri Khristich,1991,2002,7,419,140,160,300,44,218,89,49,2,20,113,45,2,787,17.8,1494,14:22
248,Orest Kindrachuk,1982,1982,1,4,1,0,1,-3,2,0,1,0,0,0,0,0,8,12.5,,
249,D.J. King,2011,2012,2,17,0,2,2,-3,30,0,0,0,0,2,0,0,7,0,98,5:46
250,Brian Kinsella,1976,1977,2,10,0,1,1,-4,0,0,0,0,0,1,0,0,14,0,,
251,Ken Klee,1995,2003,9,570,43,68,111,13,608,40,2,1,11,58,7,3,701,6.1,6907,19:44
252,Scot Kleinendorst,1989,1990,2,18,1,4,5,4,26,1,0,0,0,4,0,0,13,7.7,,
253,Jakub Klepis,2006,2007,2,66,4,10,14,-13,36,4,0,0,0,6,4,0,64,6.3,594,9:00
254,Mike Knuble,2010,2012,3,220,59,52,111,18,127,45,13,1,6,35,16,1,445,13.3,3581,16:17
255,Steve Konowalchuk,1992,2004,13,693,146,196,342,62,619,110,30,6,23,161,29,6,1238,11.8,5482,17:08
256,John Kordic,1991,1991,1,7,0,0,0,1,101,0,0,0,0,0,0,0,0,,,
257,Ilya Kovalchuk,2020,2020,1,7,1,3,4,0,4,1,0,0,0,3,0,0,18,5.6,103,14:40
258,Viktor Kozlov,2008,2009,2,148,29,66,95,19,34,25,4,0,2,44,22,0,372,7.8,2473,16:43
259,Staffan Kronwall,2009,2009,1,3,0,0,0,-1,0,0,0,0,0,0,0,0,4,0,40,13:13
260,Todd Krygier,1992,1998,6,318,49,75,124,-23,306,43,3,3,6,65,9,1,626,7.8,,
261,Dave Kryskow,1975,1975,1,51,9,15,24,-29,83,7,1,1,0,12,3,0,99,9.1,,
262,Frantisek Kucera,2002,2002,1,56,1,13,14,7,12,1,0,0,0,10,2,1,67,1.5,1157,20:39
263,Tomas Kundratek,2012,2013,2,30,1,6,7,-5,10,1,0,0,0,3,3,0,25,4,452,15:05
264,Evgeny Kuznetsov,2014,2021,8,486,122,271,393,61,250,86,34,2,20,191,80,0,1039,11.7,8266,17:01
265,Joel Kwiatkowski,2003,2004,2,114,6,9,15,-27,101,4,2,0,0,8,1,0,118,5.1,2229,19:33
266,Nick Kypreos,1990,1992,3,175,18,19,37,-5,484,18,0,0,5,18,1,0,115,15.7,,
267,Yvon Labre,1975,1981,7,334,12,84,96,-89,756,10,0,2,0,70,14,0,355,3.4,,
268,Pete Laframboise,1975,1975,1,45,5,10,15,-36,22,5,0,0,0,8,2,0,86,5.8,,
269,Brooks Laich,2004,2016,12,742,133,191,324,-8,297,81,42,10,24,138,46,7,1423,9.3,11511,15:31
270,Quintin Laing,2008,2010,3,76,3,7,10,7,31,3,0,0,1,7,0,0,88,3.4,808,10:38
271,Ron Lalonde,1975,1979,5,291,35,58,93,-107,90,26,6,3,1,50,4,4,298,11.7,,
272,Mike Lalor,1991,1992,2,132,6,12,18,-9,125,6,0,0,1,12,0,0,103,5.8,,
273,Mike Lampman,1976,1977,2,49,13,17,30,-10,32,12,1,0,1,16,1,0,102,12.7,,
274,Gord Lane,1976,1980,5,235,10,43,53,-64,614,9,1,0,0,41,0,2,214,4.7,,
275,Robert Lang,2003,2004,2,145,51,92,143,14,46,31,20,0,4,49,43,0,295,17.3,2911,20:05
276,Rod Langway*,1983,1993,11,726,25,177,202,116,504,20,3,2,5,152,18,7,773,3.2,,
277,Tyler Larter,1990,1990,1,1,0,0,0,-1,0,0,0,0,0,0,0,0,2,0,,
278,Michael Latta,2014,2016,3,113,4,13,17,4,130,4,0,0,0,13,0,0,59,6.8,923,8:10
279,Craig Laughlin,1983,1988,6,428,110,173,283,17,284,69,41,0,19,113,60,0,611,18,,
280,Stephen Leach,1986,1991,6,246,43,54,97,-5,320,35,8,0,4,47,6,1,427,10.1,,
281,Peter LeBlanc,2014,2014,1,1,0,0,0,0,0,0,0,0,0,0,0,0,0,,9,9:26
282,Grant Ledyard,1988,1989,2,82,7,14,21,-3,57,5,2,0,2,8,6,0,122,5.7,,
283,Patrice Lefebvre,1999,1999,1,3,0,0,0,-2,2,0,0,0,0,0,0,0,2,0,34,11:11
284,Antero Lehtonen,1980,1980,1,65,9,12,21,-3,14,7,2,0,1,11,1,0,101,8.9,,
285,Mikko Leinonen,1985,1985,1,3,0,1,1,1,2,0,0,0,0,1,0,0,5,0,,
286,Brendan Leipsic,2020,2020,1,61,3,8,11,3,13,3,0,0,1,7,1,0,49,6.1,559,9:10
287,Jean Lemieux,1976,1978,3,64,13,25,38,-43,4,3,10,0,1,10,15,0,108,12,,
288,Sami Lepisto,2008,2009,2,14,0,5,5,-4,18,0,0,0,0,2,3,0,15,0,230,16:27
289,Curtis Leschyshyn,1997,1997,1,2,0,0,0,0,2,0,0,0,0,0,0,0,0,,,
290,Bill Lesuk,1975,1975,1,79,8,11,19,-33,77,5,1,2,0,8,2,1,119,6.7,,
291,Tyler Lewington,2019,2020,2,8,1,1,2,1,24,1,0,0,0,1,0,0,5,20,89,11:04
292,Trevor Linden,2001,2002,2,28,4,3,7,0,14,3,1,0,0,2,1,0,49,8.2,474,16:56
293,Mark Lofthouse,1978,1981,4,141,31,30,61,-25,42,29,2,0,1,25,5,0,237,13.1,,
294,Ken Lovsin,1991,1991,1,1,0,0,0,-2,0,0,0,0,0,0,0,0,2,0,,
295,Dwayne Lowdermilk,1981,1981,1,2,0,1,1,-1,2,0,0,0,0,1,0,0,2,0,,
296,Joe Lundrigan,1975,1975,1,3,0,0,0,-3,2,0,0,0,0,0,0,0,2,0,,
297,Jack Lynch,1975,1979,5,233,18,57,75,-133,202,12,6,0,1,35,21,1,386,4.7,,
298,Paul MacDermid,1992,1993,2,87,11,13,24,-11,123,10,1,0,3,13,0,0,66,16.7,,
299,Paul MacKinnon,1980,1984,5,147,5,23,28,-9,91,4,1,0,0,22,1,0,116,4.3,,
300,Philippe Maillet,2021,2021,1,1,0,0,0,0,0,0,0,0,0,0,0,0,1,0,8,8:02
301,Ivan Majesky,2006,2006,1,57,1,8,9,-2,66,0,0,1,0,7,0,1,35,2.9,987,17:19
302,Beck Malenstyn,2020,2020,1,3,0,0,0,-1,0,0,0,0,0,0,0,0,4,0,28,9:16
303,Stewart Malgunas,1996,1999,4,25,0,0,0,-2,20,0,0,0,0,0,0,0,10,0,90,9:02
304,Steve Maltais,1990,1991,2,15,0,0,0,-3,4,0,0,0,0,0,0,0,14,0,,
305,Jason Marshall,2001,2001,1,5,0,0,0,-1,17,0,0,0,0,0,0,0,5,0,59,11:48
306,Mike Marson,1975,1979,5,193,24,24,48,-86,228,19,5,0,2,19,5,0,162,14.8,,
307,Grant Martin,1986,1987,2,20,0,1,1,-6,10,0,0,0,0,1,0,0,10,0,,
308,Dennis Maruk,1979,1983,5,343,182,249,431,-49,365,120,55,7,11,156,92,1,942,19.3,,
309,Jim Mathieson,1990,1990,1,2,0,0,0,0,4,0,0,0,0,0,0,0,0,,,
310,Alan May,1990,1994,5,345,27,42,69,-19,1189,26,1,0,4,40,2,0,284,9.5,,
311,Gary McAdam,1984,1984,1,24,1,5,6,0,12,1,0,0,1,5,0,0,23,4.3,,
312,Mike McEwen,1985,1985,1,56,11,27,38,23,42,7,4,0,3,10,17,0,151,7.3,,
313,Jim McGeough,1982,1985,2,15,3,0,3,-1,12,3,0,0,0,0,0,0,29,10.3,,
314,Walt McKechnie,1978,1978,1,16,4,1,5,-14,0,3,1,0,0,1,0,0,24,16.7,,
315,Jim McKenzie,2000,2000,1,30,1,2,3,0,16,1,0,0,0,2,0,0,10,10,191,6:22
316,Don McLean,1976,1976,1,9,0,0,0,-3,6,0,0,0,0,0,0,0,4,0,,
317,Connor McMichael,2021,2021,1,1,0,0,0,0,2,0,0,0,0,0,0,0,1,0,10,9:54
318,Jim McTaggart,1981,1982,2,71,3,10,13,-7,205,2,0,1,1,10,0,0,64,4.7,,
319,Gerry Meehan,1976,1979,4,208,65,79,144,-62,33,44,20,1,9,51,28,0,476,13.7,,
320,Dean Melanson,2002,2002,1,4,0,0,0,1,4,0,0,0,0,0,0,0,6,0,50,12:36
321,Glen Metropolit,2000,2003,4,101,10,37,47,10,26,9,1,0,2,21,16,0,150,6.7,1284,12:43
322,Bill Mikkelson,1975,1977,2,60,3,7,10,-82,54,0,3,0,0,6,1,0,47,6.4,,
323,Mike Millar,1989,1989,1,18,6,3,9,-4,4,3,3,0,1,1,2,0,37,16.2,,
324,Kelly Miller,1987,1999,13,940,162,246,408,75,436,130,17,15,29,204,20,22,1330,12.2,693,11:11
325,Kevin Miller,1993,1993,1,10,0,3,3,-4,35,0,0,0,0,3,0,0,10,0,,
326,Kip Miller,2003,2004,2,138,21,60,81,-11,26,12,9,0,6,37,22,1,163,12.9,2005,14:32
327,Graham Mink,2004,2009,3,7,0,0,0,-1,2,0,0,0,0,0,0,0,5,0,44,6:15
328,Dmitri Mironov,1999,2001,3,155,8,38,46,-5,114,4,4,0,1,20,16,2,218,3.7,2995,19:19
329,Garrett Mitchell,2017,2017,1,1,0,0,0,0,0,0,0,0,0,0,0,0,0,,9,8:48
330,Doug Mohns,1975,1975,1,75,2,19,21,-54,54,1,1,0,0,11,7,1,82,2.4,,
331,Hartland Monahan,1976,1977,2,159,40,56,96,-77,72,30,9,1,6,47,8,1,279,14.3,,
332,Barrie Moore,2000,2000,1,1,0,0,0,0,0,0,0,0,0,0,0,0,2,0,10,9:50
333,Brendan Morrison,2010,2010,1,74,12,30,42,23,40,9,3,0,3,25,5,0,105,11.4,1164,15:44
334,Lew Morrison,1975,1975,1,18,0,4,4,-14,6,0,0,0,0,4,0,0,21,0,,
335,Shaone Morrisonn,2004,2010,6,377,9,53,62,26,405,9,0,0,3,48,0,5,232,3.9,7379,19:34
336,Joe Motzko,2008,2008,1,8,2,2,4,1,0,2,0,0,0,2,0,0,10,20,100,12:27
337,Bryan Muir,2006,2007,2,98,11,22,33,-6,114,7,4,0,1,7,15,0,164,6.7,1904,19:26
338,Ryan Mulhern,1998,1998,1,3,0,0,0,0,0,0,0,0,0,0,0,0,1,0,,
339,Paul Mulvey,1979,1981,3,187,29,37,66,-34,487,25,4,0,4,35,2,0,296,9.8,,
340,Joe Murphy,2000,2001,2,43,6,13,19,3,73,4,2,0,2,10,3,0,72,8.3,594,13:49
341,Larry Murphy*,1984,1989,6,453,86,259,345,56,332,54,31,1,9,134,120,5,1025,8.4,,
342,Rob Murray,1990,1991,2,58,2,10,12,-10,77,2,0,0,0,10,0,0,37,5.4,,
343,Terry Murray,1982,1982,1,74,3,22,25,-15,60,3,0,0,0,20,1,1,75,4,,
344,Brantt Myhres,2001,2001,1,5,0,0,0,0,29,0,0,0,0,0,0,0,0,,18,3:36
345,Jeff Nelson,1995,1996,2,43,1,7,8,1,18,1,0,0,0,7,0,0,25,4,,
346,Todd Nelson,1994,1994,1,2,1,0,1,1,2,0,1,0,1,0,0,0,1,100,,
347,Aaron Ness,2016,2018,3,18,0,3,3,5,10,0,0,0,0,3,0,0,10,0,227,12:35
348,Paul Nicholson,1975,1977,3,62,4,8,12,-39,18,4,0,0,1,8,0,0,72,5.6,,
349,Andrei Nikolishin,1997,2002,6,407,58,113,171,20,174,48,7,3,6,89,20,4,620,9.4,5128,16:32
350,Matt Niskanen,2015,2019,5,390,29,127,156,58,194,23,6,0,7,92,31,4,684,4.2,8877,22:46
351,Claude Noel,1980,1980,1,7,0,0,0,-3,0,0,0,0,0,0,0,0,5,0,,
352,Brad Norton,2004,2004,1,16,0,1,1,-4,17,0,0,0,0,1,0,0,6,0,205,12:50
353,Lee Norwood,1982,1983,2,34,7,11,18,4,139,4,3,0,1,2,9,0,39,17.9,,
354,Jiri Novotny,2007,2007,1,18,0,6,6,-2,2,0,0,0,0,6,0,0,19,0,263,14:36
355,Milan Novy,1983,1983,1,73,18,30,48,4,16,15,3,0,3,22,8,0,132,13.6,,
356,Lawrence Nycholat,2007,2007,1,18,2,6,8,-3,12,2,0,0,0,4,2,0,22,9.1,370,20:32
357,Michael Nylander,2003,2009,4,186,37,91,128,-15,100,21,16,0,5,60,31,0,306,12.1,3149,16:56
358,Liam O'Brien,2015,2018,3,17,1,1,2,4,28,1,0,0,0,1,0,0,17,5.9,125,7:21
359,Adam Oates*,1997,2002,6,387,73,290,363,5,126,51,20,2,15,165,116,9,472,15.5,6204,21:33
360,Steven Oleksy,2013,2015,3,62,3,16,19,15,86,3,0,0,1,16,0,0,53,5.7,999,16:07
361,Dmitry Orlov,2012,2021,9,526,37,143,180,58,209,35,2,0,8,123,19,1,666,5.6,10443,19:51
362,Brooks Orpik,2015,2019,5,332,5,57,62,47,238,5,0,0,1,57,0,0,287,1.7,6316,19:01
363,Oskar Osala,2009,2009,1,2,0,0,0,-1,0,0,0,0,0,0,0,0,1,0,17,8:44
364,T.J. Oshie,2016,2021,6,374,130,136,266,49,175,83,45,2,20,101,33,2,754,17.2,6901,18:27
365,Alex Ovechkin,2006,2021,16,1163,711,581,1292,78,721,446,261,4,111,354,226,1,5588,12.7,24358,20:57
366,John Paddock,1976,1976,1,8,1,1,2,-5,12,1,0,0,0,1,0,0,5,20,,
367,Richard Panik,2020,2021,2,74,10,17,27,11,44,9,1,0,1,17,0,0,92,10.9,860,11:37
368,Bob Paradise,1976,1977,2,70,0,13,13,-44,62,0,0,0,0,13,0,0,41,0,,
369,Doug Patey,1977,1979,3,45,4,2,6,-16,8,4,0,0,0,2,0,0,50,8,,
370,Craig Patrick*,1977,1979,3,75,9,18,27,-19,6,7,2,0,0,13,5,0,91,9.9,,
371,Kent Paynter,1990,1991,2,14,1,2,3,-7,33,1,0,0,0,2,0,0,15,6.7,,
372,Pat Peake,1994,1998,5,134,28,41,69,3,105,17,11,0,4,27,14,0,259,10.8,,
373,Rob Pearson,1995,1995,1,32,0,6,6,-6,96,0,0,0,0,5,1,0,34,0,,
374,Stephen Peat,2002,2006,4,130,8,2,10,-16,234,8,0,0,0,2,0,0,41,19.5,733,5:38
375,Andre Peloffy,1975,1975,1,9,0,0,0,-8,0,0,0,0,0,0,0,0,7,0,,
376,Anthony Peluso,2018,2018,1,2,0,0,0,0,4,0,0,0,0,0,0,0,0,,9,4:39
377,Dustin Penner,2014,2014,1,18,1,2,3,3,2,1,0,0,0,1,1,0,19,5.3,221,12:18
378,Mathieu Perreault,2010,2013,4,159,33,37,70,17,70,27,6,0,6,34,3,0,175,18.9,1879,11:49
379,Jorgen Pettersson,1986,1986,1,47,8,16,24,-4,10,6,2,0,3,12,4,0,74,10.8,,
380,Matt Pettinger,2001,2008,7,334,52,47,99,-44,169,33,11,8,7,32,12,3,514,10.1,4483,13:25
381,Robert Picard,1978,1980,3,230,42,114,156,-41,308,27,15,0,7,62,51,1,625,6.7,,
382,Brian Pinho,2021,2021,1,2,0,0,0,-2,0,0,0,0,0,0,0,0,3,0,16,7:49
383,Michal Pivonka,1987,1999,13,825,181,418,599,18,476,113,56,12,27,270,138,10,1468,12.3,475,13:12
384,Steve Poapst,1996,1999,2,25,1,0,1,-9,8,1,0,0,1,0,0,0,13,7.7,274,12:26
385,Harvie Pocza,1980,1982,2,3,0,0,0,-2,2,0,0,0,0,0,0,0,3,0,,
386,Andrej Podkonicky,2004,2004,1,2,0,0,0,-1,0,0,0,0,0,0,0,0,1,0,7,3:34
387,Greg Polis,1979,1980,2,47,13,11,24,-3,25,7,6,0,1,11,0,0,76,17.1,,
388,Brian Pothier,2007,2010,4,160,13,43,56,6,78,9,4,0,3,25,18,0,248,5.2,3327,20:48
389,Tom Poti,2008,2013,5,230,11,64,75,32,126,9,2,0,1,47,16,1,244,4.5,4894,21:17
390,Dave Poulin,1994,1995,2,92,10,24,34,1,62,7,0,3,0,23,0,1,94,10.6,,
391,Jean Pronovost,1981,1982,2,90,23,38,61,-17,65,16,6,1,4,19,16,3,203,11.3,,
392,John Purves,1991,1991,1,7,1,0,1,-3,0,1,0,0,1,0,0,0,8,12.5,,
393,Nelson Pyatt,1975,1976,2,93,32,27,59,-70,35,27,5,0,1,17,10,0,184,17.4,,
394,Joel Quenneville,1991,1991,1,9,1,0,1,-8,0,1,0,0,0,0,0,0,3,33.3,,
395,Errol Rausse,1980,1982,3,31,7,3,10,3,0,7,0,0,0,3,0,0,27,25.9,,
396,Joel Rechlicz,2012,2012,1,3,0,0,0,0,10,0,0,0,0,0,0,0,0,,6,1:59
397,Joe Reekie,1994,2002,9,515,11,64,75,86,688,11,0,0,2,59,1,4,436,2.5,4598,18:51
398,Pat Ribble,1980,1982,3,98,5,22,27,-17,147,2,3,0,1,18,4,0,148,3.4,,
399,Mike Ribeiro,2013,2013,1,48,13,36,49,-4,53,7,6,0,1,15,21,0,63,20.6,856,17:50
400,Mike Richard,1988,1990,2,7,0,2,2,-1,2,0,0,0,0,2,0,0,10,0,,
401,Mike Richards,2016,2016,1,39,2,3,5,-2,8,2,0,0,1,3,0,0,46,4.3,475,12:11
402,Mike Ridley,1987,1994,8,588,218,329,547,49,250,132,69,17,32,223,96,10,1083,20.1,,
403,Bill Riley,1975,1979,4,125,28,28,56,-18,313,18,10,0,2,21,7,0,136,20.6,,
404,Gary Rissling,1979,1980,2,37,3,4,7,-11,176,2,1,0,1,4,0,0,23,13,,
405,Torrie Robertson,1981,1983,3,62,10,13,23,-5,208,7,3,0,1,11,2,0,54,18.5,,
406,Louis Robitaille,2006,2006,1,2,0,0,0,-1,5,0,0,0,0,0,0,0,0,,9,4:42
407,Todd Rohloff,2002,2004,2,51,0,4,4,-7,32,0,0,0,0,4,0,0,25,0,721,14:08
408,Bob Rouse,1989,1991,3,130,9,33,42,-7,224,8,1,0,2,25,8,0,141,6.4,,
409,Tom Rowe,1977,1982,5,191,56,58,114,-40,315,47,9,0,6,45,13,0,458,12.2,,
410,Ken Sabourin,1991,1992,2,47,1,4,5,1,129,1,0,0,0,4,0,0,26,3.8,,
411,Joe Sacco,2000,2002,3,213,14,30,44,-2,149,14,0,0,1,28,0,2,255,5.5,2202,10:20
412,Andreas Salomonsson,2003,2003,1,32,1,4,5,-1,14,1,0,0,0,4,0,0,20,5,282,8:50
413,Gary Sampson,1984,1987,4,105,13,22,35,9,25,12,0,1,1,21,1,0,99,13.1,,
414,Zach Sanford,2017,2017,1,26,2,1,3,0,6,2,0,0,1,1,0,0,23,8.7,264,10:09
415,Reggie Savage,1991,1993,2,17,2,3,5,-5,12,0,2,0,0,2,1,0,22,9.1,,
416,Peter Scamurra,1976,1980,4,132,8,25,33,-57,59,5,2,1,0,24,1,0,110,7.3,,
417,Cameron Schilling,2013,2015,3,6,0,0,0,-2,4,0,0,0,0,0,0,0,4,0,75,12:32
418,Brad Schlegel,1992,1993,2,22,0,2,2,-3,6,0,0,0,0,2,0,0,15,0,,
419,Nate Schmidt,2014,2017,4,200,8,35,43,36,48,8,0,0,1,34,0,1,221,3.6,3313,16:34
420,Dwight Schofield,1986,1986,1,50,1,2,3,6,127,1,0,0,0,2,0,0,13,7.7,,
421,Jeff Schultz,2007,2013,7,399,11,64,75,78,133,10,0,1,1,62,0,2,209,5.3,7330,18:22
422,Justin Schultz,2021,2021,1,11,2,6,8,9,0,2,0,0,1,2,4,0,20,10,204,18:34
423,Steve Seftel,1991,1991,1,4,0,0,0,-2,2,0,0,0,0,0,0,0,2,0,,
424,Rod Seiling,1975,1975,1,1,0,0,0,0,0,0,0,0,0,0,0,0,2,0,,
425,Steve Self,1977,1977,1,3,0,0,0,-3,0,0,0,0,0,0,0,0,3,0,,
426,Alexander Semin,2004,2012,7,469,197,211,408,65,450,139,55,3,28,108,101,2,1400,14.1,8195,17:28
427,Michael Sgarbossa,2020,2021,2,7,0,2,2,2,0,0,0,0,0,2,0,0,5,0,65,9:19
428,Dave Shand,1984,1985,2,85,5,16,21,24,158,5,0,0,0,13,1,2,66,7.6,,
429,Kevin Shattenkirk,2017,2017,1,19,2,12,14,4,10,1,1,0,2,6,6,0,46,4.3,384,20:12
430,Brad Shaw,1999,1999,1,4,0,0,0,0,4,0,0,0,0,0,0,0,5,0,71,17:52
431,Conor Sheary,2021,2021,1,12,4,1,5,1,6,4,0,0,0,1,0,0,13,30.8,133,11:04
432,Neil Sheehy,1989,1990,2,131,4,9,13,7,475,4,0,0,0,9,0,0,54,7.4,,
433,Jonas Siegenthaler,2019,2021,3,96,2,11,13,14,55,2,0,0,1,11,0,0,64,3.1,1468,15:17
434,Zach Sill,2016,2016,1,10,1,0,1,0,2,1,0,0,0,0,0,0,13,7.7,99,9:56
435,Mike Siltala,1982,1982,1,3,1,0,1,-1,2,1,0,0,0,0,0,0,2,50,,
436,Chris Simon,1997,2003,7,320,72,79,151,-18,666,53,19,0,10,64,15,0,650,11.1,3407,13:38
437,Bob Sirois,1976,1980,5,282,91,120,211,-54,38,67,23,1,7,92,28,0,716,12.7,,
438,John Slaney,1994,1995,2,63,7,12,19,0,33,4,3,0,1,5,7,0,91,7.7,,
439,Tyler Sloan,2009,2011,3,99,4,13,17,-3,50,4,0,0,0,13,0,0,54,7.4,1415,14:18
440,Dennis Smith,1990,1990,1,4,0,0,0,0,0,0,0,0,0,0,0,0,0,,,
441,Gord Smith,1975,1979,5,286,9,30,39,-136,276,5,4,0,1,25,3,2,208,4.3,,
442,Greg Smith,1986,1988,3,113,1,18,19,2,108,1,0,0,0,15,2,1,67,1.5,,
443,Rick Smith,1981,1981,1,40,5,4,9,7,36,3,2,0,2,2,2,0,35,14.3,,
444,Devante Smith-Pelly,2018,2019,2,129,11,13,24,-12,53,11,0,0,1,13,0,0,163,6.7,1512,11:43
445,Daniel Sprong,2021,2021,1,10,2,1,3,-1,0,2,0,0,0,1,0,0,13,15.4,90,9:00
446,Ryan Stanton,2016,2016,1,1,0,0,0,-1,2,0,0,0,0,0,0,0,0,,9,8:41
447,Brian Stapleton,1976,1976,1,1,0,0,0,-2,0,0,0,0,0,0,0,0,0,,,
448,David Steckel,2006,2011,6,291,23,35,58,3,113,19,1,3,4,33,0,2,330,7,3714,12:46
449,Chandler Stephenson,2016,2020,5,168,14,19,33,2,16,13,0,1,2,18,0,1,95,14.7,1961,11:40
450,Scott Stevens*,1983,1990,8,601,98,331,429,90,1628,51,46,1,14,193,136,2,1299,7.5,,
451,Blair Stewart,1975,1979,5,163,26,29,55,-62,257,26,0,0,0,27,2,0,193,13.5,,
452,Ryan Stoa,2014,2014,1,3,0,0,0,-1,0,0,0,0,0,0,0,0,2,0,27,9:05
453,Roland Stoltz,1982,1982,1,14,2,2,4,-3,14,2,0,0,0,1,1,0,6,33.3,,
454,Tyson Strachan,2014,2014,1,18,0,2,2,-2,28,0,0,0,0,2,0,0,7,0,312,17:20
455,Garret Stroshein,2004,2004,1,3,0,0,0,-1,14,0,0,0,0,0,0,0,2,0,22,7:16
456,Marco Sturm,2011,2011,1,18,1,6,7,0,6,1,0,0,1,4,2,0,30,3.3,252,14:01
457,Peter Sundstrom,1988,1989,2,111,12,19,31,-7,48,11,0,1,1,19,0,0,128,9.4,,
458,Brian Sutherby,2002,2008,6,259,26,35,61,-29,281,23,1,2,0,35,0,0,240,10.8,3082,11:54
459,Jaroslav Svejkovsky,1997,2000,4,84,18,14,32,-15,28,9,9,0,4,7,7,0,127,14.2,547,11:24
460,Leif Svensson,1979,1980,2,121,6,40,46,-12,49,6,0,0,0,28,11,1,113,5.3,,
461,Petr Sykora,2006,2006,1,10,2,2,4,0,6,2,0,0,0,2,0,0,9,22.2,107,10:41
462,Mikhail Tatarinov,1991,1991,1,65,8,15,23,-4,82,4,3,1,1,7,8,0,145,5.5,,
463,Mark Taylor,1985,1986,2,39,3,2,5,-6,6,3,0,0,0,2,0,0,33,9.1,,
464,Joey Tenute,2006,2006,1,1,0,0,0,0,0,0,0,0,0,0,0,0,1,0,7,7:21
465,Alexei Tezikov,1999,2000,2,28,1,1,2,-3,2,0,1,0,1,0,1,0,22,4.5,332,11:52
466,Greg Theberge,1980,1984,5,153,15,63,78,-19,73,4,11,0,1,24,39,0,327,4.6,,
467,Jim Thomson,1987,1989,2,24,2,0,2,-4,88,2,0,0,0,0,0,0,14,14.3,,
468,Esa Tikkanen,1998,1998,1,20,2,10,12,-4,2,1,1,0,2,6,4,0,33,6.1,,
469,Mark Tinordi,1995,1999,5,264,16,40,56,27,449,11,4,1,1,31,4,5,295,5.4,980,20:25
470,Dave Tippett,1991,1992,2,91,8,19,27,-11,40,8,0,0,2,15,1,3,94,8.5,,
471,Rick Tocchet,1997,1997,1,13,5,5,10,0,31,4,1,0,1,5,0,0,37,13.5,,
472,Jeff Toms,1998,2000,3,74,5,11,16,-12,14,5,0,0,2,9,0,2,103,4.9,454,11:04
473,Tim Tookey,1981,1982,2,57,18,21,39,-15,53,8,10,0,1,10,11,0,85,21.2,,
474,Brent Tremblay,1979,1980,2,10,1,0,1,1,6,1,0,0,0,0,0,0,7,14.3,,
475,John Tucker,1990,1990,1,38,9,19,28,11,10,8,1,0,1,13,6,0,61,14.8,,
476,Alfie Turcotte,1990,1991,2,10,1,3,4,-1,0,1,0,0,1,2,1,0,12,8.3,,
477,Brian Tutt,1990,1990,1,7,1,0,1,-4,2,1,0,0,0,0,0,0,5,20,,
478,Roman Tvrdon,2004,2004,1,9,0,1,1,-3,2,0,0,0,0,1,0,0,7,0,96,10:41
479,Igor Ulanov,1995,1995,1,3,0,1,1,3,2,0,0,0,0,1,0,0,0,,,
480,Alexander Urbom,2014,2014,1,20,1,1,2,1,19,1,0,0,0,0,0,1,16,6.3,292,14:36
481,Stefan Ustorf,1996,1997,2,54,7,10,17,5,16,7,0,0,1,8,0,2,46,15.2,,
482,Chris Valentine,1982,1984,3,105,43,52,95,-27,127,22,21,0,7,26,26,0,210,20.5,,
483,Trevor van Riemsdyk,2021,2021,1,7,1,0,1,-3,0,1,0,0,0,0,0,0,7,14.3,128,18:19
484,Darren Veitch,1981,1986,6,319,25,118,143,25,181,13,12,0,2,52,66,0,646,3.9,,
485,Darcy Verot,2004,2004,1,37,0,2,2,-6,135,0,0,0,0,1,0,1,11,0,326,8:48
486,Dennis Ververgaert,1981,1981,1,79,14,27,41,-4,40,12,2,0,2,22,4,1,111,12.6,,
487,Alexandre Volchkov,2000,2000,1,3,0,0,0,-2,0,0,0,0,0,0,0,0,1,0,30,10:07
488,Aaron Volpatti,2013,2015,3,60,2,1,3,-5,56,2,0,0,0,1,0,0,29,6.9,479,7:59
489,Jakub Vrana,2017,2021,5,259,70,72,142,31,63,64,6,0,16,53,19,0,543,12.9,3543,13:41
490,Howard Walker,1981,1982,2,80,2,13,15,-1,126,0,2,0,0,12,1,0,86,2.3,,
491,Nathan Walker,2018,2019,2,10,1,1,2,2,6,1,0,0,0,1,0,0,6,16.7,89,8:53
492,Scott Walker,2010,2010,1,9,2,1,3,1,9,2,0,0,1,1,0,0,13,15.4,83,9:11
493,Ryan Walter,1979,1982,4,307,114,163,277,-16,468,71,41,2,6,120,41,2,674,16.9,,
494,Joel Ward,2012,2015,4,276,57,64,121,22,94,41,13,3,9,53,11,0,402,14.2,4198,15:13
495,Bryan Watson,1977,1979,3,155,4,26,30,-25,294,3,0,1,0,26,0,0,125,3.2,,
496,Mike Weber,2016,2016,1,10,0,0,0,-1,28,0,0,0,0,0,0,0,12,0,140,13:59
497,Casey Wellman,2014,2014,1,13,2,1,3,3,0,2,0,0,0,1,0,0,15,13.3,122,9:22
498,Patrick Wey,2014,2014,1,9,0,3,3,0,5,0,0,0,0,3,0,0,5,0,131,14:35
499,Tony White,1975,1978,4,158,37,28,65,-60,100,27,9,1,5,23,4,1,301,12.3,,
